First Name,Last Name,Email
Lionel,Sade,lionelsade948@hotmail.ca
Graiden,Wesley,w_graiden@google.org
Rudyard,Lacy,lacy_rudyard8035@yahoo.ca
Tiger,Pascale,tiger_pascale4355@hotmail.edu
Jorden,Aristotle,jaristotle8632@outlook.couk
Cole,Ciaran,ccole@aol.ca
McKenzie,Clinton,clinton_mckenzie711@outlook.edu
Velma,Pascale,pascalevelma@google.ca
Oleg,Christian,oleg_christian6762@aol.edu
Silas,Mariam,m-silas@yahoo.edu
Giacomo,Uta,giacomo.uta1017@google.ca
Lucian,Jena,j-lucian@hotmail.com
Kennan,Kuame,kkuame5506@hotmail.ca
Lani,April,l_april8093@protonmail.ca
Leila,Tyrone,l.tyrone4994@yahoo.com
Leandra,Katell,l-katell3451@outlook.net
Heather,Nissim,heathernissim@aol.couk
Elizabeth,Colby,elizabeth_colby9922@aol.couk
Brenna,Palmer,palmer_brenna1756@yahoo.couk
Bree,Basil,basil-bree@google.couk
Scott,Vielka,svielka5468@google.net
Kalia,Dacey,dacey.kalia1999@google.com
Xavier,Chastity,xchastity@icloud.ca
Wallace,Drake,drake-wallace6940@yahoo.edu
Hammett,Hiram,hammett.hiram@protonmail.ca
TaShya,Zena,z_tashya@aol.edu
Kylee,Garrett,garrett.kylee1716@yahoo.org
Leslie,Hadassah,hadassah.leslie7598@hotmail.edu
Galvin,Meghan,g-meghan@yahoo.net
Asher,Inez,a_inez@yahoo.net
Kelly,Brody,kbrody@hotmail.couk
Byron,Castor,c_byron@hotmail.org
Chelsea,Gil,gil.chelsea6908@icloud.couk
Rebekah,Morgan,rebekah_morgan@outlook.org
Eagan,Ori,e_ori577@protonmail.edu
Donovan,Cathleen,donovan.cathleen@aol.edu
Clio,Randall,clio.randall@hotmail.ca
Xena,Beatrice,xbeatrice2629@aol.com
Quamar,Katell,katell-quamar@google.net
Brendan,Austin,b-austin2819@icloud.couk
Zelda,Oleg,zelda.oleg@google.couk
Shaine,Basil,s_basil5812@outlook.couk
Martha,Kieran,martha-kieran@icloud.edu
Hunter,Imelda,imelda-hunter@yahoo.net
Neve,Curran,c.neve@icloud.edu
Bruce,Autumn,bruce-autumn3633@hotmail.net
Bradley,Rachel,rachel_bradley2156@aol.ca
Ramona,Adrian,adrian_ramona3724@icloud.couk
Quinlan,Merrill,q.merrill@aol.org
Jordan,Keely,j_keely@yahoo.ca
Elton,Alice,e-alice@protonmail.couk
Marsden,Buckminster,buckminster_marsden9751@protonmail.com
Arsenio,Lacey,a.lacey@protonmail.couk
Ivan,Yael,yael-ivan@yahoo.com
Miranda,Baxter,m.baxter@google.edu
Rhonda,Cheryl,cheryl.rhonda412@google.com
Quinlan,Blaze,blazequinlan2781@hotmail.couk
Rudyard,Cheyenne,r-cheyenne2587@icloud.com
Ronan,Nerea,r.nerea@outlook.com
Garrison,Stone,stone-garrison@aol.net
Brooke,Bo,bo_brooke1254@protonmail.ca
Dean,Carter,dcarter@google.couk
Nina,Rhea,rhea_nina@yahoo.net
Hayes,Roary,roaryhayes@yahoo.ca
Quynn,Alfonso,a.quynn5171@aol.edu
Wanda,Jermaine,jermaine-wanda9152@icloud.ca
Hop,Zelenia,hop_zelenia@google.com
Tad,Cairo,t-cairo2110@aol.org
Carissa,Xantha,xantha_carissa@outlook.com
Fleur,Ivor,ivor.fleur1576@hotmail.org
Teagan,Yardley,yteagan7462@hotmail.edu
Scott,Peter,s_peter@google.ca
Kennan,Doris,doris-kennan@protonmail.ca
Raphael,Thaddeus,t_raphael1922@google.com
Knox,Nita,knita9686@protonmail.edu
Rhiannon,Michael,michael-rhiannon@aol.ca
Abdul,Emery,emery_abdul@google.net
Ezra,Maxine,maxine_ezra@protonmail.com
Xyla,Winter,winter_xyla@hotmail.com
Emerson,Troy,etroy3690@google.ca
Wang,Catherine,catherine-wang6438@yahoo.net
Noelle,Galena,n_galena5753@aol.org
Adele,Velma,a_velma9242@aol.ca
Sydney,Ocean,o_sydney1422@aol.org
Orla,Rashad,orla_rashad@google.org
Tyrone,Cooper,tcooper@google.ca
Brenden,Lara,lara-brenden@google.org
Reuben,Iona,iona_reuben7715@google.edu
Wendy,Lois,wendy_lois@aol.couk
Brent,Aristotle,aristotle-brent2474@protonmail.com
Walker,Libby,libby_walker3692@aol.com
Carter,Shellie,shellie-carter@hotmail.couk
Quemby,Conan,q_conan@google.org
Sawyer,Merrill,merrill-sawyer8771@icloud.com
Kalia,Karyn,karynkalia9564@yahoo.ca
Pamela,Darryl,pamela_darryl8817@aol.org
Victoria,Cyrus,victoria_cyrus2298@hotmail.org
Brittany,Fitzgerald,brittanyfitzgerald3526@protonmail.org
Levi,Hilary,levi.hilary@google.edu
Mara,Orli,orlimara@outlook.org
